Market ID,Title,End Date,Overall Liquidity,Overall Volume,Overall Volume 24hr,Bet ID,Bet Question,Bet Liquidity,Bet Volume,Bet Volume 24hr,Yes Price,No Price,CLOB Token ID
903193,Presidential Election Winner 2024,2024-11-04T12:00:00Z,497375992.24982,2096585202.044223,29607107.383429,253591,Will Donald Trump win the 2024 US Presidential Election?,2875252.88916,642545485.320336,16081795.503987,0.5985,0.4015,"[""21742633143463906290569050155826241533067272736897614950488156847949938836455"", ""48331043336612883890938759509493159234755048973500640148014422747788308965732""]"
903193,Presidential Election Winner 2024,2024-11-04T12:00:00Z,497375992.24982,2096585202.044223,29607107.383429,253639,Will Elizabeth Warren win the 2024 US Presidential Election?,44887158.33188,14385605.548,7070.0,0.0005,0.9995,"[""6025348680810459235592257487856478394037580571221769223427710907585587056389"", ""107318000224273619864067221410763312524005905734038928942085943518009422698801""]"
903193,Presidential Election Winner 2024,2024-11-04T12:00:00Z,497375992.24982,2096585202.044223,29607107.383429,253592,Will Joe Biden win the 2024 US Presidential Election?,29106753.42147,60386252.338298,2033589.84,0.0005,0.9995,"[""88027839609243624193415614179328679602612916497045596227438675518749602824929"", ""34731657770883441140875001518098751138877095477683682718012432921110142479972""]"
903193,Presidential Election Winner 2024,2024-11-04T12:00:00Z,497375992.24982,2096585202.044223,29607107.383429,253610,Will Hillary Clinton win the 2024 US Presidential Election?,28448164.65853,92152473.126999,3465.07,0.0005,0.9995,"[""79316691944049488812500733050438507204613781002222375264046442941003895009475"", ""81996907021530768903266356962155871449963890840127658427020993407290924449685""]"
903193,Presidential Election Winner 2024,2024-11-04T12:00:00Z,497375992.24982,2096585202.044223,29607107.383429,253643,Will Kanye West win the 2024 US Presidential Election?,44982235.294,8930739.731998,3480.0,0.0005,0.9995,"[""48285207411891694847413807268670593735244327770017422161322089036370055854362"", ""61844668920737118615861173747694492670799904596778544814046771923624799983782""]"
903193,Presidential Election Winner 2024,2024-11-04T12:00:00Z,497375992.24982,2096585202.044223,29607107.383429,253642,Will any other Republican Politician win the 2024 US Presidential Election?,5719753.28136,188538932.353067,4748174.437,0.0015,0.9985,"[""87935798830831555521299232238121934560977823768906296045917813721531790174443"", ""57677804490585887398706024193987529955099603362215749525873675088072565146041""]"
903193,Presidential Election Winner 2024,2024-11-04T12:00:00Z,497375992.24982,2096585202.044223,29607107.383429,253641,Will any other Democratic Politician win the 2024 US Presidential Election?,27818741.51203,112356509.766525,92491.23,0.0005,0.9995,"[""74706296939809671893768905246606398708802232875822379413753245164957842209130"", ""103543247440804352548620987887141435213865749546518237928636621721195722919525""]"
903193,Presidential Election Winner 2024,2024-11-04T12:00:00Z,497375992.24982,2096585202.044223,29607107.383429,253635,Will AOC win the 2024 US Presidential Election?,41348928.16807,21718783.064836,4360.0,0.0005,0.9995,"[""6238317280296426865475638559260472448644617115418089359113344407432348159324"", ""41954490041086867564121643018635419147920198909390751107256363360262392619696""]"
903193,Presidential Election Winner 2024,2024-11-04T12:00:00Z,497375992.24982,2096585202.044223,29607107.383429,253640,Will Bernie Sanders win the 2024 US Presidential Election?,41789150.65172,9457105.357,15923.0,0.0005,0.9995,"[""95128817762909535143571435260705470642391662537976312011260538371392879420759"", ""109959771354727569920568814841948349015122530982718955453725874320605174249650""]"
903193,Presidential Election Winner 2024,2024-11-04T12:00:00Z,497375992.24982,2096585202.044223,29607107.383429,253609,Will Michelle Obama win the 2024 US Presidential Election?,19092399.03415,147226929.608594,829419.75,0.0005,0.9995,"[""97508453625137094121006941885029334584603955750917059456402541591996493525667"", ""101835693390914207034008670272805414453671321042882880939287726647351186404691""]"
903193,Presidential Election Winner 2024,2024-11-04T12:00:00Z,497375992.24982,2096585202.044223,29607107.383429,253634,Will Chris Christie win the 2024 US Presidential Election?,44836532.45478,13713211.715,5255.0,0.0005,0.9995,"[""27312896015258311102305871640185491718068302146240154758497460598552961305988"", ""47985835438034722961370141592264484856245054083967133255723755707120670593624""]"
903193,Presidential Election Winner 2024,2024-11-04T12:00:00Z,497375992.24982,2096585202.044223,29607107.383429,253598,Will Vivek Ramaswamy win the 2024 US Presidential Election?,39133387.57301,20437961.992915,24893.0,0.0005,0.9995,"[""71118168890902402346450607953977430866499056452499149647300109878547888435163"", ""83989706486871267882400547508608962084989637885033118817277664739968626851490""]"
903193,Presidential Election Winner 2024,2024-11-04T12:00:00Z,497375992.24982,2096585202.044223,29607107.383429,253596,Will Ron DeSantis win the 2024 US Presidential Election?,24210149.15889,44919967.502369,52865.0,0.0005,0.9995,"[""54541905023211985194827443687227462634594584372996482268933020846517872533280"", ""31047886014226264999763088291196820581455214827362848029616905203866058950804""]"
903193,Presidential Election Winner 2024,2024-11-04T12:00:00Z,497375992.24982,2096585202.044223,29607107.383429,253595,Will Robert F. Kennedy Jr. win the 2024 US Presidential Election?,30999885.31978,139294305.878029,28291.28,0.0005,0.9995,"[""75551890681049796405776295654438099776333571510662809052054780589218524237663"", ""56404905393055211239795086916790918063008904529043139446524120756836481670648""]"
903193,Presidential Election Winner 2024,2024-11-04T12:00:00Z,497375992.24982,2096585202.044223,29607107.383429,253594,Will Gavin Newsom win the 2024 US Presidential Election?,31305255.52061,53290378.378088,15076.0,0.0005,0.9995,"[""99200347365169760700385453164878188504479548439905371494493482364634358863823"", ""88063614818983277039870506697948521713429593096456892435153186054911641634952""]"
903193,Presidential Election Winner 2024,2024-11-04T12:00:00Z,497375992.24982,2096585202.044223,29607107.383429,253597,Will Kamala Harris win the 2024 US Presidential Election?,4252186.42263,421543584.468564,5653370.692442,0.4005,0.5995,"[""69236923620077691027083946871148646972011131466059644796654161903044970987404"", ""87584955359245246404952128082451897287778571240979823316620093987046202296181""]"
903193,Presidential Election Winner 2024,2024-11-04T12:00:00Z,497375992.24982,2096585202.044223,29607107.383429,253593,Will Nikki Haley win the 2024 US Presidential Election?,36477461.91908,105686975.893605,7587.58,0.0005,0.9995,"[""19083349462791593334532840548890602187185739923311385087650426802477691161360"", ""25663677275476030658483179785762851061160843737234225579491314980654272946621""]"
903216,Popular Vote Winner 2024,2024-11-04T12:00:00Z,94522100.54,417361691.495406,3438766.652042,253724,Will RFK Jr. win the popular vote in the 2024 Presidential Election?,4835805.83096,47435903.31836,9138.09,0.0005,0.9995,"[""6333204770411034121381004753674929868178817465526206481102652091802294810372"", ""75745745045456887896132402809740705215382251376613233135883491325350121154511""]"
903216,Popular Vote Winner 2024,2024-11-04T12:00:00Z,94522100.54,417361691.495406,3438766.652042,253732,Will Elizabeth Warren win the popular vote in the 2024 Presidential Election?,8118664.08133,5227299.926689,6022.0,0.0005,0.9995,"[""102782410757526140429455126413850191766345626760834101578743259194107922948629"", ""39736414045653384042688027284643069565402187589153790639400550648378593995538""]"
903216,Popular Vote Winner 2024,2024-11-04T12:00:00Z,94522100.54,417361691.495406,3438766.652042,253734,Will AOC win the popular vote in the 2024 Presidential Election?,7360111.13298,6215803.066,8120.0,0.0005,0.9995,"[""28129497386825037037379243277061968980262742905392454218497668677178434960747"", ""65257561360298727478171010332143426620908109490897614744596165093031927755276""]"
903216,Popular Vote Winner 2024,2024-11-04T12:00:00Z,94522100.54,417361691.495406,3438766.652042,253733,Will Bernie Sanders win the popular vote in the 2024 Presidential Election?,7944154.51707,5828795.89249,11075.04,0.0005,0.9995,"[""75910943094982166039223977316010604591808806558706611949340478788515208665617"", ""69313987047092029255342613886137870058260410909010684683053650466971614198868""]"
903216,Popular Vote Winner 2024,2024-11-04T12:00:00Z,94522100.54,417361691.495406,3438766.652042,253731,Will Hillary Clinton win the popular vote in the 2024 Presidential Election?,2697970.90408,70112197.645143,27413.97,0.0005,0.9995,"[""21331146930618962824689789220409196138572970640663273021860765909977344077098"", ""72030927215702361814290973244368675464536489585886402057335674636016647741043""]"
903216,Popular Vote Winner 2024,2024-11-04T12:00:00Z,94522100.54,417361691.495406,3438766.652042,253729,Will Chris Christie win the popular vote in the 2024 Presidential Election?,7853042.08174,5570984.31033,1140.0,0.0005,0.9995,"[""61306976962189810812097934721866362117746782377229725259448374924227781138604"", ""31426417197617137633975358939782720051828155756670195640764694379667181370239""]"
903216,Popular Vote Winner 2024,2024-11-04T12:00:00Z,94522100.54,417361691.495406,3438766.652042,253723,Will Nikki Haley win the popular vote in the 2024 Presidential Election?,8501072.74398,21659269.474067,12827.62,0.0005,0.9995,"[""73054962612427989214794989986417863037726177625514724797652348246685047271795"", ""1001642493447151925668910251368195271528206049745379920408223242868736360361""]"
903216,Popular Vote Winner 2024,2024-11-04T12:00:00Z,94522100.54,417361691.495406,3438766.652042,253725,Will Gavin Newsom win the popular vote in the 2024 Presidential Election?,7273015.59612,7777665.007944,37012.0,0.0005,0.9995,"[""50909747324614063474238486320988554604590979112691512595773207449364069073614"", ""22954669377703246175900762912061151523212734335463321127880715743450301120161""]"
903216,Popular Vote Winner 2024,2024-11-04T12:00:00Z,94522100.54,417361691.495406,3438766.652042,253726,Will Vivek Ramaswamy win the popular vote in the 2024 Presidential Election?,7244735.34053,5387626.576886,2952.01,0.0005,0.9995,"[""12031858809635504000610041401131669540135796882612719044528274098738528594808"", ""33403325613748583076355274963651372215401291385706508884840685891404665616723""]"
903216,Popular Vote Winner 2024,2024-11-04T12:00:00Z,94522100.54,417361691.495406,3438766.652042,253722,Biden wins the Popular Vote?,6741252.32281,12255520.969919,451677.0,0.0005,0.9995,"[""99142454428537584544622121027442998138704969211018679231469566937962407405481"", ""74387253965248062408790655376997458947727940927346197081424539600760059876682""]"
903216,Popular Vote Winner 2024,2024-11-04T12:00:00Z,94522100.54,417361691.495406,3438766.652042,253706,Will Donald Trump win the popular vote in the 2024 Presidential Election?,646090.80312,36907716.163228,1264165.703454,0.3085,0.6915,"[""42699080635179861375280720242213672850141860123562672932351602811041149946128"", ""52646153159016006621189163812433115969858888637703551736022048114666679879653""]"
903216,Popular Vote Winner 2024,2024-11-04T12:00:00Z,94522100.54,417361691.495406,3438766.652042,253727,Kamala Harris wins the popular vote?,1178632.78363,41577715.525166,1461638.858588,0.693,0.307,"[""21271000291843361249209065706097167029083067325856089903026951915683588703117"", ""43898019188443109254544011644141095748327433947336326565220861409147408981284""]"
903216,Popular Vote Winner 2024,2024-11-04T12:00:00Z,94522100.54,417361691.495406,3438766.652042,253736,Will any other Democrat Politician win the popular vote in the 2024 Presidential Election?,2557539.67492,35436657.918087,14745.8,0.0005,0.9995,"[""35181131500187602593152358358430710972979053258824221563421108711539553867878"", ""1474350621956173478532931665613193512109071588800630369304586513574562639231""]"
903216,Popular Vote Winner 2024,2024-11-04T12:00:00Z,94522100.54,417361691.495406,3438766.652042,253735,Will Kanye West win the popular vote in the 2024 Presidential Election?,8102005.43167,6042101.202499,2720.0,0.0005,0.9995,"[""30777809140842882229317311686284197770614977661550617509548101326947463472940"", ""59587929258212215463464876219773328768780089707498469120955390755275303657116""]"
903216,Popular Vote Winner 2024,2024-11-04T12:00:00Z,94522100.54,417361691.495406,3438766.652042,253728,Will Ron DeSantis win the popular vote in the 2024 Presidential Election?,7703700.90195,38926583.023832,1079.74,0.0005,0.9995,"[""22198899803799400842653407696459652606619797905839715433140999262976116021845"", ""107275417694529311248022017394742033208095565936648770987025176324471482957102""]"
903216,Popular Vote Winner 2024,2024-11-04T12:00:00Z,94522100.54,417361691.495406,3438766.652042,253737,Will any other Republican Politician win the popular vote in the 2024 Presidential Election?,2236482.61024,34617852.186403,20134.32,0.0005,0.9995,"[""112088350297212871005957317665882725534893348963074328745636862535667157230163"", ""77714068141593383554738676563823018835776466100255246984703171563544034785022""]"
903216,Popular Vote Winner 2024,2024-11-04T12:00:00Z,94522100.54,417361691.495406,3438766.652042,253730,Will Michelle Obama win the popular vote in the 2024 Presidential Election?,3526461.25143,36381999.288363,106904.5,0.0005,0.9995,"[""1751860013162459682513846908194657754945547227915014803838522488782202409170"", ""65836549226729331188746373092142669933344738661255360638161110343569416718475""]"
11968,Democratic VP nominee on election day?,2024-11-04T12:00:00Z,8839638.60566,128929690.973279,1720515.215817,504868,Will Michelle Obama be D-nom for VP on Election Day?,202799.46608,33074497.529324,166179.882238,0.0015,0.9985,"[""65495461921377503521998516412350918765301644770718057806630459327239130994671"", ""70094742705536399124594402690240481114297627107625350791858779125667254942864""]"
11968,Democratic VP nominee on election day?,2024-11-04T12:00:00Z,8839638.60566,128929690.973279,1720515.215817,504869,Will Kamala Harris be D-nom for VP on Election Day?,313407.27234,7056084.280427,7008.08,0.0005,0.9995,"[""88831494407077460083666982436106013771964452780899980666217365053427915439083"", ""112094532536838932858354456090999103513893178479507415966181384652430771633461""]"
11968,Democratic VP nominee on election day?,2024-11-04T12:00:00Z,8839638.60566,128929690.973279,1720515.215817,504870,Will Joe Biden be D-nom for VP on Election Day?,1194076.33758,7891670.873785,9028.45,0.0005,0.9995,"[""4220113328737190877107404273251485294695393659788671096214669202843926551845"", ""83409508593716781764952016233641696589935140957178765941374782826304976141880""]"
11968,Democratic VP nominee on election day?,2024-11-04T12:00:00Z,8839638.60566,128929690.973279,1720515.215817,504871,Will Pete Buttigieg be D-nom for VP on Election Day?,1076450.48918,7278497.734745,17099.13,0.0005,0.9995,"[""13378516313728241020567033786633674628517144017274549936603396221342591293317"", ""18968707470093729305115478550629378810847231257949086278939308778595903411243""]"
11968,Democratic VP nominee on election day?,2024-11-04T12:00:00Z,8839638.60566,128929690.973279,1720515.215817,504872,Will Gretchen Whitmer be D-nom for VP on Election Day?,1070097.99405,10775634.062365,27543.21,0.0005,0.9995,"[""106753449046498614225553726236374565828654502602998500313897829272938656565944"", ""11230270014380880144413180647818927830523331580256389659900607792063374490319""]"
11968,Democratic VP nominee on election day?,2024-11-04T12:00:00Z,8839638.60566,128929690.973279,1720515.215817,504873,Will Gavin Newsom be D-nom for VP on Election Day?,881324.83272,3972434.84616,13608.63,0.0005,0.9995,"[""87856116025836548805521972902914933594725243769326425250809353505894606641631"", ""106243684813007257594120019414737403734811980133622093318580768752843970007093""]"
11968,Democratic VP nominee on election day?,2024-11-04T12:00:00Z,8839638.60566,128929690.973279,1720515.215817,504874,Will J.B. Pritzker be D-nom for VP on Election Day?,1037204.54709,9339921.452443,33113.29,0.0005,0.9995,"[""28258969454312916661961711138389570434980418468320241035197460247331754631081"", ""103460762779533317002310305219147312316353085104288511170375740086659940782534""]"
11968,Democratic VP nominee on election day?,2024-11-04T12:00:00Z,8839638.60566,128929690.973279,1720515.215817,504881,Will Mark Kelly be D-nom for VP on Election Day?,336868.40938,5823713.07977,323595.388,0.0015,0.9985,"[""24176052293185743422423082807677651201985832989344308715016082907286761114360"", ""96090994132313107653727263178834309551214652943321516966048637768817003371421""]"
11968,Democratic VP nominee on election day?,2024-11-04T12:00:00Z,8839638.60566,128929690.973279,1720515.215817,504878,Will Tim Walz be D-nom for VP on Election Day?,568921.23905,5403972.439807,530449.281039,0.992,0.008,"[""46618163772637644984203254728698911374193986248626115084578931959682586725582"", ""112193683089468335933897192956032619292126521212222795588891379555759476237992""]"
11968,Democratic VP nominee on election day?,2024-11-04T12:00:00Z,8839638.60566,128929690.973279,1720515.215817,504880,Will Josh Shapiro be D-nom for VP on Election Day?,105230.33639,7600471.953098,10067.11209,0.0015,0.9985,"[""114944418043870904488584557109525721873452099722015998230154460196935369112482"", ""75249916609328655220993204683999265409584555198502853196207904285379171038480""]"
11968,Democratic VP nominee on election day?,2024-11-04T12:00:00Z,8839638.60566,128929690.973279,1720515.215817,504883,Will Gina Raimondo be D-nom for VP on Election Day?,1159423.25772,10365587.916408,4240.23,0.0005,0.9995,"[""49316670530302053011126324910962963024131770677607093349450221421178660457198"", ""8028931267345017937675401726889928867296549196667478841281368590455046845468""]"
11968,Democratic VP nominee on election day?,2024-11-04T12:00:00Z,8839638.60566,128929690.973279,1720515.215817,504884,Will another candidate be D-nom for VP on Election Day?,406829.8821,6258442.084968,296964.922666,0.0015,0.9985,"[""12705656510000114998067127645536006511194946121953612220818539125161885668427"", ""113917316278403751152657328136806983077249371898617144555232230134362180690033""]"
11968,Democratic VP nominee on election day?,2024-11-04T12:00:00Z,8839638.60566,128929690.973279,1720515.215817,504875,Will Hillary Clinton be D-nom for VP on Election Day?,282602.87008,6107168.120627,153933.858785,0.002,0.998,"[""104422829390459027440032199837196535317295791747942011280146092037573646129247"", ""99942300853245820739298630888914298158605090441536071937182534076370942707369""]"
11968,Democratic VP nominee on election day?,2024-11-04T12:00:00Z,8839638.60566,128929690.973279,1720515.215817,504876,Will Andy Beshear be D-nom for VP on Election Day?,204401.6719,7981594.599352,127683.750999,0.002,0.998,"[""71628812630694297792929512547943627224845206097905857776489212019740737854706"", ""13805410810439792464298390545186236397079230063828006891052416521860459138172""]"
11439,Super Bowl Champion 2025,2025-02-09T12:00:00Z,7258555.49461,112602543.30169,10653043.541795,503323,Will the Steelers win Super Bowl 2025?,287083.07158,1946447.199911,11312.02575,0.0135,0.9865,"[""21678216225487973526804977855895622426800255930641449554839164336032353007661"", ""68625939051253896415844769011922944355276853024680068106899140956609350934097""]"
11439,Super Bowl Champion 2025,2025-02-09T12:00:00Z,7258555.49461,112602543.30169,10653043.541795,503303,Will the Bengals win Super Bowl 2025?,89895.09328,1666866.072644,18556.694626,0.028,0.972,"[""35255375360012657117305792246090443224690221462734865996427532233323562581158"", ""13015410011212879471677372079377323044691857849285645525795735926605419138500""]"
11439,Super Bowl Champion 2025,2025-02-09T12:00:00Z,7258555.49461,112602543.30169,10653043.541795,503305,Will the Cowboys win Super Bowl 2025?,376512.35088,1997248.382313,1012.537371,0.015,0.985,"[""91353054216890740335748868776987613119107738900235010213982466959971119689491"", ""8059405312579604783993514945805451199107762053048515732379629084368237423245""]"
11439,Super Bowl Champion 2025,2025-02-09T12:00:00Z,7258555.49461,112602543.30169,10653043.541795,503306,Will the Broncos win Super Bowl 2025?,21228.23968,6700601.531448,6909.957915,0.0105,0.9895,"[""95922065128340167030552616846757925126575450533179378041549778657025961857141"", ""10609680115143825259228524309694215590766391139928103806365444263403409704210""]"
11439,Super Bowl Champion 2025,2025-02-09T12:00:00Z,7258555.49461,112602543.30169,10653043.541795,503307,Will the Lions win Super Bowl 2025?,205697.91162,1429629.885314,7825.489832,0.0865,0.9135,"[""51052158557761079600060821198344572146234634299666295420235183322360518805559"", ""24457538192307362260130901215385681960887087239978986650052790651700145579385""]"
11439,Super Bowl Champion 2025,2025-02-09T12:00:00Z,7258555.49461,112602543.30169,10653043.541795,503309,Will the Packers win Super Bowl 2025?,300348.29158,1154697.524851,1455.823127,0.0405,0.9595,"[""7689215271552383133483004508832984274573710042218778913722716721310897959707"", ""89002498769528768644726791543970005724643616817519213760138963002436160049197""]"
11439,Super Bowl Champion 2025,2025-02-09T12:00:00Z,7258555.49461,112602543.30169,10653043.541795,503310,Will the Texans win Super Bowl 2025?,278138.31277,1540794.688604,9819.419037,0.0575,0.9425,"[""40946145547892120835388934032378411687415301148304670567000395360529369472824"", ""13767388689589800926602299149240507927219262519162147884681600566873095986070""]"
11439,Super Bowl Champion 2025,2025-02-09T12:00:00Z,7258555.49461,112602543.30169,10653043.541795,503311,Will the Colts win Super Bowl 2025?,264454.88388,4240448.351962,1918.779666,0.007,0.993,"[""80309723387445340050616740130016704193903058232016305104497360785576902478879"", ""31600906302515164942333004489127606614375591024323080987103884527557260549125""]"
11439,Super Bowl Champion 2025,2025-02-09T12:00:00Z,7258555.49461,112602543.30169,10653043.541795,503312,Will the Jaguars win Super Bowl 2025?,237560.03163,3999759.02842,59908.621333,0.003,0.997,"[""4731944209859249926168586570982500445668013261402146665166541904329861129392"", ""43757825835597398386037640359418450297784544483598407636492376826131660316069""]"
11439,Super Bowl Champion 2025,2025-02-09T12:00:00Z,7258555.49461,112602543.30169,10653043.541795,503313,Will the Chiefs win Super Bowl 2025?,178874.29578,2099430.418981,9975.640578,0.159,0.841,"[""22535833765723427929773245088435042776045949943240943368073750664192788269527"", ""42871158580795323243941598536325925204919765750879891842520258699472618139885""]"
11439,Super Bowl Champion 2025,2025-02-09T12:00:00Z,7258555.49461,112602543.30169,10653043.541795,503314,Will the Raiders win Super Bowl 2025?,419393.55267,5424956.230154,51186.33198,0.0035,0.9965,"[""54892341795653479805388020158684786934714678926304197461400878299451904269209"", ""40801206881564693043973435688806179249940112928041934634486776594277892109019""]"
11439,Super Bowl Champion 2025,2025-02-09T12:00:00Z,7258555.49461,112602543.30169,10653043.541795,503315,Will the Chargers win Super Bowl 2025?,361302.60603,2128614.186593,4577.798,0.015,0.985,"[""46071143598817311049803259731300640433612842284467383372210522641051027560309"", ""44653829712818266932854711983200076786937607665194597405694788849589088108557""]"
11439,Super Bowl Champion 2025,2025-02-09T12:00:00Z,7258555.49461,112602543.30169,10653043.541795,503316,Will the Rams win Super Bowl 2025?,315419.89372,2192095.057007,17790.7923,0.004,0.996,"[""98530852976572810642537081503290735812837188297744380157757156848456581539250"", ""91288597711022953726263532679116909854827468150660362561504510637160951103302""]"
11439,Super Bowl Champion 2025,2025-02-09T12:00:00Z,7258555.49461,112602543.30169,10653043.541795,503317,Will the Dolphins win Super Bowl 2025?,303872.81798,3588030.355573,24574.072067,0.0055,0.9945,"[""786115068931737812060412156745557005902954492066252507777390810575643513056"", ""69074794306471999992729900663867798526262794286621096412823575974559631840025""]"
11439,Super Bowl Champion 2025,2025-02-09T12:00:00Z,7258555.49461,112602543.30169,10653043.541795,503318,Will the Vikings win Super Bowl 2025?,232486.50168,2286862.21765,5432.411042,0.0615,0.9385,"[""98758685551362251798751604021121968501566060113612180716295660305468647537764"", ""32913191084151568159961778433708656480121261742825050053826470640755980486658""]"
11439,Super Bowl Champion 2025,2025-02-09T12:00:00Z,7258555.49461,112602543.30169,10653043.541795,503319,Will the Saints win Super Bowl 2025?,53386.87133,1966105.673304,5463.949052,0.006,0.994,"[""3760259282641341401139581937609668002717940820088389647026890584246573710717"", ""4148989056010685756076902340127576457087898253675700922453397399537607754636""]"
11439,Super Bowl Champion 2025,2025-02-09T12:00:00Z,7258555.49461,112602543.30169,10653043.541795,503320,Will the Giants win Super Bowl 2025?,323568.67771,4200676.471156,37068.984648,0.0035,0.9965,"[""1579051818984095727673421497419190670041974399782372017404834102770355812245"", ""103025800543021453963790516518962068292483949140859491419046691780811544794182""]"
11439,Super Bowl Champion 2025,2025-02-09T12:00:00Z,7258555.49461,112602543.30169,10653043.541795,503304,Will the Browns win Super Bowl 2025?,364851.03169,2352686.426149,160786.150662,0.0025,0.9975,"[""37221056259325429041732308291782104664756441972369963169173383951407900144525"", ""63939510524223361009002618165078196129404531478278623969998606591983074882103""]"
11439,Super Bowl Champion 2025,2025-02-09T12:00:00Z,7258555.49461,112602543.30169,10653043.541795,503302,Will the Bears win Super Bowl 2025?,102517.28809,1394399.298918,324.753224,0.029,0.971,"[""53980625471547310051004778241938112282010815940675231749571892348038485533306"", ""115050666003448260543845677840728773264372194320429530334281913126268515492242""]"
11439,Super Bowl Champion 2025,2025-02-09T12:00:00Z,7258555.49461,112602543.30169,10653043.541795,503322,Will the Eagles win Super Bowl 2025?,114979.49931,1572722.449915,1266.485689,0.0435,0.9565,"[""110222417228270638383974743746762302792556220380554556504458115620557107501861"", ""34527047802979125804174050325432167077742263137042415948357405372259768531455""]"
11439,Super Bowl Champion 2025,2025-02-09T12:00:00Z,7258555.49461,112602543.30169,10653043.541795,503301,Will the Panthers win Super Bowl 2025?,220273.5315,19301459.513414,6247888.364164,0.0025,0.9975,"[""66714239224313823221640294891961335457341276313024833480429172445133070011668"", ""89467374135934739834722715801896983274727814886329505374811124523387276806796""]"
11439,Super Bowl Champion 2025,2025-02-09T12:00:00Z,7258555.49461,112602543.30169,10653043.541795,503325,Will the Seahawks win Super Bowl 2025?,224937.37762,2221549.129186,2954.448284,0.0125,0.9875,"[""102635810088606948147311305941716999359339527059960270753019994691928431958693"", ""71250024838480036756937380053476736902388540084527485665303774811773302565881""]"
11439,Super Bowl Champion 2025,2025-02-09T12:00:00Z,7258555.49461,112602543.30169,10653043.541795,503326,Will the Buccaneers win Super Bowl 2025?,80034.68044,1936107.110095,20.03,0.0205,0.9795,"[""18070149317485211603027771306394042764814941764963048490397639686705860842455"", ""103818143323369177891595047848567825228583655301264459204859941632422400214512""]"
11439,Super Bowl Champion 2025,2025-02-09T12:00:00Z,7258555.49461,112602543.30169,10653043.541795,503327,Will the Titans win Super Bowl 2025?,178709.05366,5179485.885129,39879.284498,0.0025,0.9975,"[""58440649209461200280350668047868558605555236750105361041671089512720702235189"", ""83111747692593108439667014273321109579545447301960950400715776857725380837947""]"
11439,Super Bowl Champion 2025,2025-02-09T12:00:00Z,7258555.49461,112602543.30169,10653043.541795,503328,Will the Commanders win Super Bowl 2025?,255114.54709,3125667.344692,24597.251809,0.018,0.982,"[""16571355100327104454501190118689337347118543324830329817599252230759175472329"", ""7958598477921247868125626874893923014274724309877711676804172989905474637451""]"
11439,Super Bowl Champion 2025,2025-02-09T12:00:00Z,7258555.49461,112602543.30169,10653043.541795,503329,Will the Patriots win Super Bowl 2025?,202312.82193,14699956.486233,3400464.586161,0.0025,0.9975,"[""31300399306949971768449961247118568299701374047026733785221770769092315493347"", ""75600188276302107134313150350605198202630590842724839689703495381032181513643""]"
11439,Super Bowl Champion 2025,2025-02-09T12:00:00Z,7258555.49461,112602543.30169,10653043.541795,503324,Will the 49ers win Super Bowl 2025?,338690.03418,1774957.480987,501.762277,0.105,0.895,"[""57404941070480647064900845338248984784706447590708819584066371103229440035635"", ""105887143603794106345878722758219961934527916904279993939903253209841411968927""]"
11439,Super Bowl Champion 2025,2025-02-09T12:00:00Z,7258555.49461,112602543.30169,10653043.541795,503321,Will the Jets win Super Bowl 2025?,57915.19869,1393534.112554,8879.472987,0.032,0.968,"[""104733076087729953713940934940391391993326070110721374162122727321651009470076"", ""101147918166067706579026756528549918571584505797810799254550351424844459653741""]"
11439,Super Bowl Champion 2025,2025-02-09T12:00:00Z,7258555.49461,112602543.30169,10653043.541795,503297,Will the Cardinals win Super Bowl 2025?,30371.34521,2645190.716095,467046.432956,0.0065,0.9935,"[""45863977636045997741544862867913468747624252555870650051585292920595598060047"", ""115338952093275871381521406089592578146149442599494943558258177407155298888416""]"
11439,Super Bowl Champion 2025,2025-02-09T12:00:00Z,7258555.49461,112602543.30169,10653043.541795,503298,Will the Falcons win Super Bowl 2025?,265924.94493,1815350.480274,1022.444441,0.025,0.975,"[""114621786190778887037417697112239263106515104256005574518022428806477237896483"", ""115378506888317167959165654380470128609283869507678462602130386826699169950824""]"
11439,Super Bowl Champion 2025,2025-02-09T12:00:00Z,7258555.49461,112602543.30169,10653043.541795,503299,Will the Ravens win Super Bowl 2025?,363905.9963,1447339.778735,1855.374145,0.119,0.881,"[""65899342545197974464674790375677332783836387984276968232607993321656475710546"", ""44043530156416941552422118596418820865632961462273897699074006193128135935861""]"
11439,Super Bowl Champion 2025,2025-02-09T12:00:00Z,7258555.49461,112602543.30169,10653043.541795,503300,Will the Bills win Super Bowl 2025?,208790.36829,3178873.813429,20767.372174,0.068,0.932,"[""10543796747987526217726719445503113036676541789761379932363198740436075720933"", ""44496525088677969212608424691084899842806265405266245973131576352260105857324""]"
11827,Fed Interest Rates: November 2024,2024-11-07T12:00:00Z,2613632.64031,89130814.99683,18899557.758331,504490,Fed decreases interest rates by 75+ bps after November 2024 meeting?,288365.56153,5402548.34777,110647.58361,0.004,0.996,"[""76898974139298979468235047518432628223042581890492823901295517933784245911471"", ""47470156049256390071349262887183170287182548133136555034461701246387539288031""]"
11827,Fed Interest Rates: November 2024,2024-11-07T12:00:00Z,2613632.64031,89130814.99683,18899557.758331,504494,Fed increases interest rates by 25+ bps after November 2024 meeting?,653720.57396,64286055.791148,17791832.142489,0.0025,0.9975,"[""37607087749772082751516356212488395841221931637322106913544914381521802317192"", ""62906346854843026600780466242595591879256731166107167021180309597980343523177""]"
11827,Fed Interest Rates: November 2024,2024-11-07T12:00:00Z,2613632.64031,89130814.99683,18899557.758331,504493,No change in Fed interest rates after 2024 November meeting?,97558.72201,3501386.239482,41936.289903,0.109,0.891,"[""99693453180573360817239647658551491302597637631928074955157125575801041271704"", ""115507895530829847106814801322413374730674071153702449416941964748547466877722""]"
11827,Fed Interest Rates: November 2024,2024-11-07T12:00:00Z,2613632.64031,89130814.99683,18899557.758331,504491,Fed decreases interest rates by 50 bps after November 2024 meeting?,612781.10505,4186170.704174,33792.284741,0.037,0.963,"[""72373922484601612837855188905332325479292726362975414708210444785555968287015"", ""92249169140333714359584780039430943171728511731010101062109503186755234839359""]"
11827,Fed Interest Rates: November 2024,2024-11-07T12:00:00Z,2613632.64031,89130814.99683,18899557.758331,507418,Will the FED change rates to another level after Nov meeting?,885388.10996,9394082.828734,911161.667,0.0015,0.9985,"[""61236914812765433336602124983786929476030115582452695457552886232607113984020"", ""33143533540708956708098159038116570406972955269074168835322036254352930411093""]"
11827,Fed Interest Rates: November 2024,2024-11-07T12:00:00Z,2613632.64031,89130814.99683,18899557.758331,504492,Fed decreases interest rates by 25 bps after November 2024 meeting?,77977.9178,2360571.085522,10187.790588,0.835,0.165,"[""65296916822529786608589480973001109800752370083376702200697419905763894019594"", ""78238543110592118163386456765094318511102035295303787218895510947686482016630""]"
903211,Electoral College Margin of Victory in Presidential Election?,2024-11-04T12:00:00Z,5438666.67128,55473880.546885,911465.421216,253682,2024 presidential election: Democrats win by 0-4,175253.62501,2366206.097075,30962.921845,0.05,0.95,"[""84759855875787376013070966191829270380532139665613953557972586200540529795281"", ""48828272224498898390641556856132347295378817472551988430356181554440377498617""]"
903211,Electoral College Margin of Victory in Presidential Election?,2024-11-04T12:00:00Z,5438666.67128,55473880.546885,911465.421216,253688,2024 presidential election: Democrats win by 215+,678576.61258,3063873.370503,48324.759327,0.022,0.978,"[""101420809795991050463357193190190217433473974978220642065802556532442264744912"", ""110572269101665299323840938132174016639460564640021056235470343294492124819487""]"
903211,Electoral College Margin of Victory in Presidential Election?,2024-11-04T12:00:00Z,5438666.67128,55473880.546885,911465.421216,253705,2024 presidential election: Democrats win by 155-214,251596.38593,2449334.723126,17262.084442,0.0305,0.9695,"[""49053375994742571860652088315085884720283262308934567514143770147957981207450"", ""96959189799810963265333540002508411265478058060479867670249596923616033558513""]"
903211,Electoral College Margin of Victory in Presidential Election?,2024-11-04T12:00:00Z,5438666.67128,55473880.546885,911465.421216,253680,2024 presidential election: GOP wins by 1-4,272629.34316,2553402.950726,18923.158296,0.0205,0.9795,"[""79086902367494146250288799827118631783807623864486807335302788365567801974260"", ""68562963181897129616787311973566650506527639178454035447939615213321961867334""]"
903211,Electoral College Margin of Victory in Presidential Election?,2024-11-04T12:00:00Z,5438666.67128,55473880.546885,911465.421216,253836,Democrats and Republicans both lose the 2024 Presidential Election?,625272.7119,13760944.311046,288571.632999,0.002,0.998,"[""68388345708992267048901308566601456742220828065695253175236513249017539310422"", ""87695826134002623211782057299688180427360402790438610099604219343088031898083""]"
903211,Electoral College Margin of Victory in Presidential Election?,2024-11-04T12:00:00Z,5438666.67128,55473880.546885,911465.421216,253687,2024 presidential election: Democrats win by 105-154,377722.2796,2682980.359256,24806.568594,0.0295,0.9705,"[""6958226261986895321894171664134250727726877795295745054057860512934310352857"", ""27742492199438489011463758355506227295604254956319678770351714692728437063051""]"
903211,Electoral College Margin of Victory in Presidential Election?,2024-11-04T12:00:00Z,5438666.67128,55473880.546885,911465.421216,253686,2024 presidential election: Democrats win by 65-104,175932.47214,2520794.58704,88032.638983,0.106,0.894,"[""88735821972129906164249182027715270538559976912140139667598209541927628533669"", ""104063202795145136324255080847549445537543810376621116953654506014770685987275""]"
903211,Electoral College Margin of Victory in Presidential Election?,2024-11-04T12:00:00Z,5438666.67128,55473880.546885,911465.421216,253685,2024 presidential election: Democrats win by 35-64,226143.6645,2092630.873654,44210.752856,0.065,0.935,"[""55025728191360973219838021150407777764858944236363961405036384833102664242636"", ""112747370949088531084091390599511451359359878936992014906084143971630063926956""]"
903211,Electoral College Margin of Victory in Presidential Election?,2024-11-04T12:00:00Z,5438666.67128,55473880.546885,911465.421216,253683,2024 presidential election: Democrats win by 5-14,116094.84082,2488036.426563,31948.578852,0.054,0.946,"[""71018617251430864046344590528333955328584101403098703990890731434467520361394"", ""96291624700174656133940646395798544130245639341768250537441164424034121015947""]"
903211,Electoral College Margin of Victory in Presidential Election?,2024-11-04T12:00:00Z,5438666.67128,55473880.546885,911465.421216,253684,2024 presidential election: Democrats win by 15-34,185396.4695,2509262.399076,52664.103558,0.051,0.949,"[""24480816455214308229531096762668154996473106215947694133124367155661709295355"", ""72331964067438131788858063976962038680861585128356787477467784824610129991753""]"
903211,Electoral College Margin of Victory in Presidential Election?,2024-11-04T12:00:00Z,5438666.67128,55473880.546885,911465.421216,253678,2024 presidential election: GOP wins by 35-64,528311.5831,2265757.666105,41044.484085,0.105,0.895,"[""107390049390358131192470382018885046753276046579323899532999151577054727204097"", ""36424221759344926021680952835054005735551365590435945165626040649477605542492""]"
903211,Electoral College Margin of Victory in Presidential Election?,2024-11-04T12:00:00Z,5438666.67128,55473880.546885,911465.421216,253679,2024 presidential election: GOP wins by 15-34,427541.8281,1985965.156987,20088.495,0.075,0.925,"[""77649026382213877138153966649551404921672543352938596532281164750961184750506"", ""27588916769582983298068677045074646404563058524590223735318110504978851811984""]"
903211,Electoral College Margin of Victory in Presidential Election?,2024-11-04T12:00:00Z,5438666.67128,55473880.546885,911465.421216,253681,2024 presidential election: GOP wins by 5-14,234860.45838,2472785.610606,19325.536784,0.0365,0.9635,"[""11673418683358866316301085387751523068048753966544150945611303267854659423322"", ""15535205269071354849133014650093574606472629896031947249874478280226118293178""]"
903211,Electoral College Margin of Victory in Presidential Election?,2024-11-04T12:00:00Z,5438666.67128,55473880.546885,911465.421216,253677,2024 presidential election: GOP wins by 65-104,261604.34,2761391.70242,69935.751488,0.255,0.745,"[""7616200168087679909520446105950285742392284096432045522969789820944838280581"", ""111410927662926949005201636726279530942088299033116279206838447423490027139957""]"
903211,Electoral College Margin of Victory in Presidential Election?,2024-11-04T12:00:00Z,5438666.67128,55473880.546885,911465.421216,253676,2024 presidential election: GOP wins by 155-214,256328.75698,2452186.958312,15847.183554,0.0225,0.9775,"[""65396714035221124737265515219989336303267439172398528294132309725835127126381"", ""52050340002752890901105180731616786223343503725333424175929498217562194356499""]"
903211,Electoral College Margin of Victory in Presidential Election?,2024-11-04T12:00:00Z,5438666.67128,55473880.546885,911465.421216,253675,2024 presidential election: GOP wins by 215+,501962.06232,3921473.597956,70015.321677,0.0095,0.9905,"[""34014631018780939568097313575560014481162170283396795113650279780110425245053"", ""102719248636036723504644433749669050738186292764258860659332930361367554215052""]"
903211,Electoral College Margin of Victory in Presidential Election?,2024-11-04T12:00:00Z,5438666.67128,55473880.546885,911465.421216,253704,2024 presidential election: GOP wins by 105-154,143777.86895,3126853.756434,29501.448876,0.0955,0.9045,"[""91932832596060744099888677327122616645772550393074504705362648525145533535677"", ""103530572435547708897845963079680553306100931956035187015672097202083916606272""]"
12299,São Paulo mayoral election 2024,2024-10-06T12:00:00Z,131118.68119,39974893.729652,307200.17254,506126,Will another candidate win the 2024 São Paulo mayoral election?,37930.34094,19782861.050471,74103.336,0.0015,0.9985,"[""29341894865625279678261497294203638481782261214939474741348698449162330902763"", ""65013968224635249506836504671128860537268288217015900777882235636455072048724""]"
12299,São Paulo mayoral election 2024,2024-10-06T12:00:00Z,131118.68119,39974893.729652,307200.17254,506125,Will Marina Helena win the 2024 São Paulo mayoral election?,0.0,14849907.389069,0.0,0.0,1.0,"[""115068314886642505222140615051553448656048255289577536534219563260561665852955"", ""115407097103405167855958276611739698583819680754389798356022053116559215075966""]"
12299,São Paulo mayoral election 2024,2024-10-06T12:00:00Z,131118.68119,39974893.729652,307200.17254,506124,Will Tabata Amaral win the 2024 São Paulo mayoral election?,0.0,1368718.860102,0.0,0.0,1.0,"[""96195205074761440626069587064506071875745482296825176255872286726969740246060"", ""3497647475912522705083290804662732816061801624822626330240986683665377005311""]"
12299,São Paulo mayoral election 2024,2024-10-06T12:00:00Z,131118.68119,39974893.729652,307200.17254,506123,Will José Luiz Datena win the 2024 São Paulo mayoral election?,0.0,2340581.431115,0.0,0.0,1.0,"[""73130424609427939652458832015076364644700082356941895641277690004542474830616"", ""75362666103573873453888493200038091136864614071991138518969312177640358265485""]"
12299,São Paulo mayoral election 2024,2024-10-06T12:00:00Z,131118.68119,39974893.729652,307200.17254,506122,Will Ricardo Nunes win the 2024 São Paulo mayoral election?,21894.21557,482947.609931,90943.936993,0.9715,0.0285,"[""3861515218334116049080746561355718445376798695924639523869032918007220502268"", ""2272890918062516581963221326281467963836301291595443063162414440421185791351""]"
12299,São Paulo mayoral election 2024,2024-10-06T12:00:00Z,131118.68119,39974893.729652,307200.17254,506121,Will Guilherme Boulos win the 2024 São Paulo mayoral election?,71294.02653,639785.649775,142152.899547,0.0215,0.9785,"[""3825104139700944642102073872724342742479265202647874097339085583709484092661"", ""51728321082943529499367184285841240700184425917590367013382933506150450234551""]"
12299,São Paulo mayoral election 2024,2024-10-06T12:00:00Z,131118.68119,39974893.729652,307200.17254,506115,Will Pablo Marçal win the 2024 São Paulo mayoral election?,0.0,510091.739189,0.0,0.0,1.0,"[""93821595558655532897707615401755174271096970948664912774898507635218457689024"", ""18584435579064202715768041950900483282099477309614957318412641550346089455753""]"
12585,Champions League Winner,2025-05-25T12:00:00Z,2268387.33018,36954342.326573,3911998.169499,507317,Will Sturm Graz win the UEFA Champions League?,59375.4206,3607794.598474,332390.5035,0.0025,0.9975,"[""55290617191055649411404812142415221008927557271399872127612021173828438418097"", ""13667456667969405759027938058312370321856485977251158346671995457617380250833""]"
12585,Champions League Winner,2025-05-25T12:00:00Z,2268387.33018,36954342.326573,3911998.169499,507306,Will PSV Eindhoven win the UEFA Champions League?,65034.64449,565678.85253,2645.571418,0.0045,0.9955,"[""84122269840305320614626857210619926734306522031574778576855654666160391166258"", ""24953766024259506522613690511358351178453912171154845061970129874831007499868""]"
12585,Champions League Winner,2025-05-25T12:00:00Z,2268387.33018,36954342.326573,3911998.169499,507295,Will Celtic win the UEFA Champions League?,73767.70332,203723.539266,29381.021991,0.0035,0.9965,"[""96409921834430325237504482324908580242167344253768717891284455957468253163186"", ""49548736584935163019302351838687116176715124177277906715859835467587184198457""]"
12585,Champions League Winner,2025-05-25T12:00:00Z,2268387.33018,36954342.326573,3911998.169499,507304,Will Monaco win the UEFA Champions League?,100611.27599,118062.812106,1564.8,0.006,0.994,"[""71517566302428081369445891626726246541340256636630173887642142444532647929171"", ""98817348826172287768810827991139926829065605820624729563883368332373910163534""]"
12585,Champions League Winner,2025-05-25T12:00:00Z,2268387.33018,36954342.326573,3911998.169499,507302,Will Lille win the UEFA Champions League?,77736.07492,2001347.312499,446737.16125,0.006,0.994,"[""102005393153954001616156555364526298244258903553193640605945603006929523666032"", ""77316724802551694683277327217954365532922125780406019833399005799905794817141""]"
12585,Champions League Winner,2025-05-25T12:00:00Z,2268387.33018,36954342.326573,3911998.169499,507305,Will Paris Saint-Germain win the UEFA Champions League?,53877.19486,63138.041082,3164.146401,0.026,0.974,"[""86960243408482463446813999345263072561280516246429155873240774618158609278919"", ""96778778499247858687433556610778629595253498100364033069368145728686917930097""]"
12585,Champions League Winner,2025-05-25T12:00:00Z,2268387.33018,36954342.326573,3911998.169499,507301,Will Juventus win the UEFA Champions League?,56272.21989,73465.742976,3562.802141,0.022,0.978,"[""19608110101567761630477902252288975710787697329439392166119306208272177828119"", ""40878770975828418403872678297001102719483467146648023547141205887894873843582""]"
12585,Champions League Winner,2025-05-25T12:00:00Z,2268387.33018,36954342.326573,3911998.169499,507308,Will Real Madrid win the UEFA Champions League?,55003.6929,75515.653935,3663.262357,0.185,0.815,"[""106678571937457455958809864387370801964981219059432043784081301442916714846578"", ""12689845485760919839167311690898143000880109236495206371094401674819862755786""]"
12585,Champions League Winner,2025-05-25T12:00:00Z,2268387.33018,36954342.326573,3911998.169499,507268,Will Manchester City win the UEFA Champions League?,62305.3119,175500.707578,7823.918009,0.225,0.775,"[""69466363881943834514577420157963859405896493414549090175357608906985931219412"", ""56519984176360278007010528973531036030775737082222440971737587389916636347769""]"
12585,Champions League Winner,2025-05-25T12:00:00Z,2268387.33018,36954342.326573,3911998.169499,507300,Will Inter Milan win the UEFA Champions League?,61643.33266,61863.812249,2136.026625,0.041,0.959,"[""38626294313509935541386699081410949237349566230461651187135121754117545664676"", ""65364971108743229299115080961714574928050691076397658748681151538041220144291""]"
12585,Champions League Winner,2025-05-25T12:00:00Z,2268387.33018,36954342.326573,3911998.169499,507307,Will RB Leipzig win the UEFA Champions League?,74587.59246,131767.806363,1660.621833,0.007,0.993,"[""95194109959009883786715168299911292049701061438241290611433790094516255345508"", ""21737809385363865328590644035962567299514271942733531642211645082415308439933""]"
12585,Champions League Winner,2025-05-25T12:00:00Z,2268387.33018,36954342.326573,3911998.169499,507303,Will Liverpool win the UEFA Champions League?,57431.73415,54843.308595,1998.156376,0.0785,0.9215,"[""61148139675733590941615208409944305735610401070779932464992188555810569591410"", ""19253221080785545389109746535202201653725028813499330184741392724846514494228""]"
12585,Champions League Winner,2025-05-25T12:00:00Z,2268387.33018,36954342.326573,3911998.169499,507309,Will Red Bull Salzburg win the UEFA Champions League?,62134.41991,3323495.691634,294630.92,0.0025,0.9975,"[""97778723840960365789832465053556885490706700387581982927892974660188880100272"", ""15569236600796961170271518760950049773445539237034819986047477047812984744487""]"
12585,Champions League Winner,2025-05-25T12:00:00Z,2268387.33018,36954342.326573,3911998.169499,507318,Will Stuttgart win the UEFA Champions League?,52995.42348,90171.105967,455.784166,0.0045,0.9955,"[""44973919629233198320208019299550353907628344038091239702042620980765304482053"", ""80316615328614184365686737715786726293325735218680092772670120008165384726907""]"
12585,Champions League Winner,2025-05-25T12:00:00Z,2268387.33018,36954342.326573,3911998.169499,507310,Will Red Star Belgrade win the UEFA Champions League?,66158.15967,7123769.110972,1454984.387,0.0025,0.9975,"[""115444954793985379021585674637906429040673431842383841060700879125120309599637"", ""15967271499345993052394457372074652467537326289468757760173920841513252855086""]"
12585,Champions League Winner,2025-05-25T12:00:00Z,2268387.33018,36954342.326573,3911998.169499,507289,Will Barcelona win the UEFA Champions League?,53470.6,66848.111772,4084.928458,0.065,0.935,"[""65495901320205705759936558828379630200280477222105194934948746302263744793368"", ""22283046560490355014053709936722061121956281940158283348844103842018373483437""]"
12585,Champions League Winner,2025-05-25T12:00:00Z,2268387.33018,36954342.326573,3911998.169499,507292,Will Benfica win the UEFA Champions League?,39730.85271,81342.837613,3336.367,0.011,0.989,"[""77905041275157680059526117304125310864105789260858572487504150986945194556080"", ""69543165239135272076260391867604097772026075660531066352204920621770666180032""]"
12585,Champions League Winner,2025-05-25T12:00:00Z,2268387.33018,36954342.326573,3911998.169499,507293,Will Bologna win the UEFA Champions League? ,73861.74772,235970.405807,10341.436664,0.003,0.997,"[""53075189684139451962265353213893278440036395729896052228241417014680582664400"", ""85350655894109361940782301405766884456583646937206825402300419669266846685657""]"
12585,Champions League Winner,2025-05-25T12:00:00Z,2268387.33018,36954342.326573,3911998.169499,507294,Will Borussia Dortmund win the UEFA Champions League?,61780.21405,67374.891974,12.432904,0.0315,0.9685,"[""107355849066968464444645551884751626662203097526366743372006702997198099468113"", ""110711422135066764127108937054863461194111120397252457104817414331570105668583""]"
12585,Champions League Winner,2025-05-25T12:00:00Z,2268387.33018,36954342.326573,3911998.169499,507298, Will Feyenoord win the UEFA Champions League?,60291.88466,319591.210991,141364.1055,0.003,0.997,"[""65117701119709531412392677232866966551452961351670853332940015806554443564853"", ""94438162838420376399613194892459057106520405049239490011889344405040186301215""]"
12585,Champions League Winner,2025-05-25T12:00:00Z,2268387.33018,36954342.326573,3911998.169499,507297,Will Dinamo Zagreb win the UEFA Champions League?,46545.77663,4676122.262967,126353.5995,0.0025,0.9975,"[""50029558763292490004907035090369845036388910577919998659622549622859634207886"", ""5114173491195416254365602929074381343823182276653657249022440867189120977342""]"
12585,Champions League Winner,2025-05-25T12:00:00Z,2268387.33018,36954342.326573,3911998.169499,507296,Will Club Brugge win the UEFA Champions League?,56168.94246,1799076.836486,233502.0895,0.0025,0.9975,"[""25830717788703900435139665567682582460589333146780792394437798648812658194845"", ""87558727883926533644931711666775871009687744283728096613556652163724935252114""]"
12585,Champions League Winner,2025-05-25T12:00:00Z,2268387.33018,36954342.326573,3911998.169499,507319,Will Young Boys win the UEFA Champions League?,71833.82971,3647751.952443,305672.214,0.0025,0.9975,"[""41079422079061970314632168616937958285209234875385264036673909853388639674518"", ""7203516119745740861697428759566945368946657917145171877274880291784445738909""]"
12585,Champions League Winner,2025-05-25T12:00:00Z,2268387.33018,36954342.326573,3911998.169499,507287,Will Atalanta win the UEFA Champions League?,56059.4581,65128.059822,2132.9,0.008,0.992,"[""86737884225646373837811376378539682738582118586381380962232589753097828192439"", ""86483031689140333734272445665115945644146345093570730529426663545888462451606""]"
12585,Champions League Winner,2025-05-25T12:00:00Z,2268387.33018,36954342.326573,3911998.169499,507286,Will Aston Villa win the UEFA Champions League?,59515.88859,77058.290974,9509.286222,0.0215,0.9785,"[""17148991929546304218678959738430213065524880357303658607403556776126482126118"", ""113944511437047286070977074222535617181404611267671592896303826271480616303572""]"
12585,Champions League Winner,2025-05-25T12:00:00Z,2268387.33018,36954342.326573,3911998.169499,507290,Will Bayer Leverkusen win the UEFA Champions League?,67133.70864,54520.028655,9.677728,0.0425,0.9575,"[""91416376047010624789509815944567714135624496925676598074916210489132578520112"", ""77055076357812951831472321262033383202251599075941521602020571215962007569987""]"
12585,Champions League Winner,2025-05-25T12:00:00Z,2268387.33018,36954342.326573,3911998.169499,507316,Will Stade Brestois win the UEFA Champions League?,57085.28202,416315.35364,10441.381331,0.003,0.997,"[""79475715493224765188729566545630877782028098793898633296765221632803833498731"", ""29179869439258488502422741225809654236198768591198565153403339233838704977550""]"
12585,Champions League Winner,2025-05-25T12:00:00Z,2268387.33018,36954342.326573,3911998.169499,507299,Will Girona win the UEFA Champions League?,87666.2241,178406.395921,9891.332,0.003,0.997,"[""101770859829374903348886517912677284692367552059918846507980000514220776886186"", ""20074481653660245629534131074066642938393229821432415271134727863945963118913""]"
12585,Champions League Winner,2025-05-25T12:00:00Z,2268387.33018,36954342.326573,3911998.169499,507285,Will Arsenal win the UEFA Champions League?,54940.6779,42698.306532,518.166917,0.11,0.89,"[""104411547841791877252227935410049230769909951522603517050502627610163580155198"", ""87250277971433255341922924350519923374492914634330902801842236783985786866668""]"
12585,Champions League Winner,2025-05-25T12:00:00Z,2268387.33018,36954342.326573,3911998.169499,507314,Will Sporting CP win the UEFA Champions League?,71121.88375,57300.909636,22.65919,0.0075,0.9925,"[""53520643814145121239570506772785034838011755385612596999455838912326504705700"", ""79269759190041762073474108043729751419143181035679015534870805441386003818525""]"
12585,Champions League Winner,2025-05-25T12:00:00Z,2268387.33018,36954342.326573,3911998.169499,507284,Will AC Milan win the UEFA Champions League?,69737.25429,364105.173958,12034.295331,0.0065,0.9935,"[""89925071669482177279606210232697536873911441647188675528918187422501555348116"", ""93576638573334689458664466329746626290741535052247181713007453964803875514069""]"
12585,Champions League Winner,2025-05-25T12:00:00Z,2268387.33018,36954342.326573,3911998.169499,507313,Will Sparta Prague win the UEFA Champions League?,67765.56049,471452.39229,6059.502499,0.003,0.997,"[""91750935525982151067186129879057987064087237051775658668471280128872114293496"", ""42194807216839054152253173269229575266388067985965481711343943379161374321289""]"
12585,Champions League Winner,2025-05-25T12:00:00Z,2268387.33018,36954342.326573,3911998.169499,507312,Will Slovan Bratislava win the UEFA Champions League?,59981.32529,2664054.095817,281364.875333,0.0025,0.9975,"[""45622205931369325179928175700220180796383607885431252553724236735011164420056"", ""102651360244556795688209191713812032515024213328906724766782828794893397834010""]"
12585,Champions League Winner,2025-05-25T12:00:00Z,2268387.33018,36954342.326573,3911998.169499,507288,Will Atletico Madrid win the UEFA Champions League?,59412.08595,41641.450022,1142.351937,0.0185,0.9815,"[""108455658871593933281610100985335550824316005504750317167886921837210241495309"", ""5018817901111982878728176956282553123786192040644922757050681836478011775649""]"
12585,Champions League Winner,2025-05-25T12:00:00Z,2268387.33018,36954342.326573,3911998.169499,507311,Will Shakhtar Donetsk win the UEFA Champions League?,57794.59972,3890333.475966,167285.270165,0.0025,0.9975,"[""102006319303460238827563664446951754516041393632850360444322469125777577388771"", ""109788973099970019996072517823266794542154906066004680247007602517078576240900""]"
12585,Champions League Winner,2025-05-25T12:00:00Z,2268387.33018,36954342.326573,3911998.169499,507291,Will Bayern Munich win the UEFA Champions League?,58156.2292,67111.787061,120.214253,0.085,0.915,"[""18375987532365029676782874642110593206353220633077967956574786960470527641334"", ""13565225832245029126819820319993123808680797656953473950056964942546556625541""]"
12483,Premier League Winner,2025-05-25T12:00:00Z,1128256.26935,36863467.199611,1297558.788672,506737,Fulham wins the Premier League?,53103.47577,3294002.634597,16799.138328,0.0025,0.9975,"[""65661592405417984267066437223235056001699463687124602041720003480189576143687"", ""59592679804789655084419983772617102094652837284438068929153072929337840348730""]"
12483,Premier League Winner,2025-05-25T12:00:00Z,1128256.26935,36863467.199611,1297558.788672,506736,Everton wins the Premier League?,83678.97726,3706244.599581,12915.971824,0.0025,0.9975,"[""28179090282093807467382718742019031223670663540080991208934067870223690983973"", ""21560999676613730302298565094638249415341536557838919732526107094464087708917""]"
12483,Premier League Winner,2025-05-25T12:00:00Z,1128256.26935,36863467.199611,1297558.788672,506735,Crystal Palace wins the Premier League?,74505.67074,3334482.565813,78545.531831,0.0025,0.9975,"[""61629812628542112006184910806919500871073513586827345300858319585054511894263"", ""74818681607609980183378675854345377857227767745213319827008200003982957373663""]"
12483,Premier League Winner,2025-05-25T12:00:00Z,1128256.26935,36863467.199611,1297558.788672,506728,Manchester City wins the Premier League?,70619.44856,285906.339144,25167.976608,0.3565,0.6435,"[""88643218703041538921477211574402135868068849303184796552643053766802615912255"", ""52022700481055929158619810521153907055411466601256660712014013304629968078301""]"
12483,Premier League Winner,2025-05-25T12:00:00Z,1128256.26935,36863467.199611,1297558.788672,506729,Arsenal wins the Premier League?,45713.54671,255169.234932,21038.633995,0.371,0.629,"[""73195466598131388170821776880758003788512546260802630290144229509026208855089"", ""23807580992743613096145152881495507712764951247494032484893843701852646171007""]"
12483,Premier League Winner,2025-05-25T12:00:00Z,1128256.26935,36863467.199611,1297558.788672,506730,Aston Villa wins the Premier League?,49604.48534,88571.666574,100.0,0.0075,0.9925,"[""83156492313921775878087837698449837132415407819948472591171256258102686919964"", ""41245760353176617487677845735364435519089888071153271502972893057356920322520""]"
12483,Premier League Winner,2025-05-25T12:00:00Z,1128256.26935,36863467.199611,1297558.788672,506731,Bournemouth wins the Premier League?,69114.11523,3473414.352677,17862.701822,0.0035,0.9965,"[""20043121189468219599437255198027106640631597812114545269112896531495574826378"", ""75308226540519873239233623140240170988653500419723135176760582150191967925886""]"
12483,Premier League Winner,2025-05-25T12:00:00Z,1128256.26935,36863467.199611,1297558.788672,506738,Ipswich Town wins the Premier League?,81119.03668,3131504.76746,285284.94783,0.0025,0.9975,"[""70352482658645709024179370186115132584884064404107291297482334008072251797324"", ""105475298390175064342936567234818530090075600656880507695081134860977889421184""]"
12483,Premier League Winner,2025-05-25T12:00:00Z,1128256.26935,36863467.199611,1297558.788672,506732,Brentford wins the Premier League?,39569.54267,3143326.043945,10992.021657,0.0035,0.9965,"[""59719086471851132118057103160039200789268717383832814315021216098909788743101"", ""33763292427453668920177180185617727959874952408482608566675409221079692776263""]"
12483,Premier League Winner,2025-05-25T12:00:00Z,1128256.26935,36863467.199611,1297558.788672,506733,Brighton & Hove Albion wins the Premier League?,44326.95769,1047468.755614,2750.893705,0.004,0.996,"[""83155643791123528545888271368970103667222416553800192242286164648782617698704"", ""1525092251178876772051777384030621149477633135682690118871201647355629676524""]"
12483,Premier League Winner,2025-05-25T12:00:00Z,1128256.26935,36863467.199611,1297558.788672,506744,Tottenham Hotspur wins the Premier League?,41071.81473,73489.025542,3226.646272,0.0135,0.9865,"[""61939271262114556363537695428423148517366731065267198294068228704470357828885"", ""56457096823770260600623082776888688081089220063072535995945570120078179264471""]"
12483,Premier League Winner,2025-05-25T12:00:00Z,1128256.26935,36863467.199611,1297558.788672,506743,Southampton wins the Premier League?,49109.7421,3159402.566489,168615.633332,0.0025,0.9975,"[""20832933656054158835732321660966223238114947766668813575333655613524039271955"", ""37961695791793163431711930656418715625837838134387631084919449718689491160875""]"
12483,Premier League Winner,2025-05-25T12:00:00Z,1128256.26935,36863467.199611,1297558.788672,506739,Leicester City wins the Premier League?,68192.73778,4983888.109042,16654.081322,0.003,0.997,"[""15392010570014294321481326327061868945420131405407343092798740122656658365604"", ""23864831701200115641125471871264534160212489301271022956314282212106957546277""]"
12483,Premier League Winner,2025-05-25T12:00:00Z,1128256.26935,36863467.199611,1297558.788672,506740,Manchester United wins the Premier League?,44395.17417,148825.311234,441.1784,0.005,0.995,"[""107618163744247214337048907908877578009778058453499449832423049771355754531578"", ""16917477772175311216502957946378709945893406003384210524387488477127630874498""]"
12483,Premier League Winner,2025-05-25T12:00:00Z,1128256.26935,36863467.199611,1297558.788672,506742,Nottingham Forest wins the Premier League?,51565.98277,1604726.086117,2934.460165,0.003,0.997,"[""26236892725262807235372062505277176822581817393263948638256147417812762302719"", ""88622598699701433637163071032576232752219887205018441110238931614665163964172""]"
12483,Premier League Winner,2025-05-25T12:00:00Z,1128256.26935,36863467.199611,1297558.788672,506745,West Ham United wins the Premier League?,57745.79355,2216129.503006,581776.699163,0.003,0.997,"[""82073988280592324615050680129688483341908278409135784607049200117978339925598"", ""22249477968545821811494647945513639266802107935449057913816832870446535380877""]"
12483,Premier League Winner,2025-05-25T12:00:00Z,1128256.26935,36863467.199611,1297558.788672,506746,Wolverhampton Wanderers win the Premier League?,73423.08046,2446573.866597,12027.040497,0.003,0.997,"[""64215530262495502153363605182146140091003251977117222727284612645879679878356"", ""107462148462423718539662405339556185016402697377465140556786062278985128985883""]"
12483,Premier League Winner,2025-05-25T12:00:00Z,1128256.26935,36863467.199611,1297558.788672,506747,Liverpool wins the Premier League?,39983.21361,165410.04267,37970.420186,0.1875,0.8125,"[""6856495334599070327400479404766108364224261454141327193457127201769494631355"", ""83900161665955113552429010729973027044975695664005576591523498118851571751116""]"
12483,Premier League Winner,2025-05-25T12:00:00Z,1128256.26935,36863467.199611,1297558.788672,506741,Newcastle United wins the Premier League?,45190.66834,220053.29349,2231.995164,0.004,0.996,"[""107702219978983602967102884794835839587439782377291063516912032944463408076101"", ""101248361170903042526900263765150194643578235056478123366637582686148993260063""]"
12483,Premier League Winner,2025-05-25T12:00:00Z,1128256.26935,36863467.199611,1297558.788672,506734,Chelsea wins the Premier League?,46222.80519,84878.435087,222.816571,0.0435,0.9565,"[""7764507923512538708659015611202625912491255010579260037157032917613332967467"", ""37942777870165086355973654827858472568863784451683625871596840743958562897670""]"
10656,Which party wins Presidency + Popular Vote?,2024-11-05T12:00:00Z,3318489.76953,35774544.453536,641844.010464,501590,Will a 3rd party candidate win the popular vote or the Presidency?,2143792.2947,15696209.577499,10463.6,0.0005,0.9995,"[""105188262404483697509467695252326324791411917773657147371863257988735030760167"", ""90045870183517702980104220495202846998800071123944874722260068936208046029630""]"
10656,Which party wins Presidency + Popular Vote?,2024-11-05T12:00:00Z,3318489.76953,35774544.453536,641844.010464,501589,Will a Democrat win the popular vote and a Republican win the Presidency?,208577.0925,5725658.22301,171978.515767,0.295,0.705,"[""79290738821633012952251194646343347843753407986785745774809464443278141510795"", ""77538554173896015114453401012117630452637136665613691153928336127167320141811""]"
10656,Which party wins Presidency + Popular Vote?,2024-11-05T12:00:00Z,3318489.76953,35774544.453536,641844.010464,501588,Will a Republican win the popular vote and a Democrat win the Presidency?,287857.43003,4565855.948083,172376.402138,0.022,0.978,"[""86476515438957907056315993820068995378660426416045749849962015285013351695183"", ""83494440765400389893993921944624001569626254294075627699017957553845440459741""]"
10656,Which party wins Presidency + Popular Vote?,2024-11-05T12:00:00Z,3318489.76953,35774544.453536,641844.010464,501587,Will a Republican win the popular vote and the Presidency? ,286323.1703,4597733.467856,140087.063884,0.305,0.695,"[""67648321332889562720702742465853245863647268672651902649177972067583993370930"", ""92848768921367210485187039202894189254214421377536495082521089096497548879926""]"
10656,Which party wins Presidency + Popular Vote?,2024-11-05T12:00:00Z,3318489.76953,35774544.453536,641844.010464,501585,Will a Democrat win the popular vote and the Presidency? ,392288.46,5189087.237088,146938.428675,0.395,0.605,"[""33573631646975967490303296373773410479817269960942179527425708594960263761938"", ""1245455071836736418858894114937610717733912531531312145552158827133486397267""]"
10223,Balance of Power: 2024 Election,2024-11-05T12:00:00Z,4162010.84065,35088005.042333,1920879.996611,500635,"2024 Balance of Power: D Prez, D Senate, R House",693520.32388,2577854.962311,88374.780995,0.0075,0.9925,"[""103931010919995781828164224161268088895809185562670781148950698492640674977981"", ""79549327081698121689724031021267035055470470228394552604594328454383346420363""]"
10223,Balance of Power: 2024 Election,2024-11-05T12:00:00Z,4162010.84065,35088005.042333,1920879.996611,500637,"2024 Balance of Power: R Prez, R Senate, D House",285445.2056,2136731.882907,50442.27238,0.15,0.85,"[""11928031020017926253137048266138060552390028298132003645967202754777540403459"", ""87951539562016076896642417893567051202212076475120786171617269860001520937378""]"
10223,Balance of Power: 2024 Election,2024-11-05T12:00:00Z,4162010.84065,35088005.042333,1920879.996611,500640,2024 Balance of Power: Other,1038333.65347,13885660.511538,1376747.282,0.0015,0.9985,"[""20649254764831410038598309644877889692693012350413722948161828363570285257089"", ""53024515843424470958425748417646718652033775144449602653115035271441827847547""]"
10223,Balance of Power: 2024 Election,2024-11-05T12:00:00Z,4162010.84065,35088005.042333,1920879.996611,500639,"2024 Balance of Power: R Prez, D Senate, D House",672065.0459,3202142.18833,46312.680893,0.008,0.992,"[""37592150258992412335129765372551581004040470277008521657289304318436809180960"", ""2488050678895279776043993265911617355299956823708691642447077690436696751859""]"
10223,Balance of Power: 2024 Election,2024-11-05T12:00:00Z,4162010.84065,35088005.042333,1920879.996611,500630,"2024 Balance of Power: D Prez, D Senate, D House",138623.1709,2168163.37983,52126.040377,0.14,0.86,"[""23879627426961662812922169694268707374662971136118079896087093103802667054172"", ""47409381172023721466480360988176079028561606121909173291379114883147018350487""]"
10223,Balance of Power: 2024 Election,2024-11-05T12:00:00Z,4162010.84065,35088005.042333,1920879.996611,500631,2024 Balance of Power: R Prez R Senate R House,226030.0514,3408013.850958,67177.309256,0.415,0.585,"[""10057237541929696185971116542487795282113077727880089878027691009747516185940"", ""5221303279467844582975968922199141012019086576325749464715776376494178025469""]"
10223,Balance of Power: 2024 Election,2024-11-05T12:00:00Z,4162010.84065,35088005.042333,1920879.996611,500632,"2024 Balance of Power: D Prez, R Senate, D House",242162.5455,2387605.453384,71040.046095,0.24,0.76,"[""110572048196196721190273423098212132965212115169135445849838734204111986977975"", ""84036459298951112484754420094784961938545943306179727019350245142629870908638""]"
10223,Balance of Power: 2024 Election,2024-11-05T12:00:00Z,4162010.84065,35088005.042333,1920879.996611,500638,"2024 Balance of Power: D Prez, R Senate, R House",255762.15237,2290816.896851,81443.479823,0.0565,0.9435,"[""35629444424911540854033833805581282525894865134562240313992824142991452360546"", ""59658166739979955015642910311638409776513450405422998760953344989158397038866""]"
10223,Balance of Power: 2024 Election,2024-11-05T12:00:00Z,4162010.84065,35088005.042333,1920879.996611,500636,"2024 Balance of Power: R Prez, D Senate, R House",610067.94163,3031015.916224,87216.104792,0.0085,0.9915,"[""46167212842991355763663772182129837537545167602810511850370601149970675289312"", ""76908233877789633448000722866667937350179184413310158143102080636757076714763""]"
903665,Michigan Presidential Election Winner,2024-11-04T12:00:00Z,1435930.2694,17626227.845462,605304.48627,255143,Will a Democrat win Michigan Presidential Election?,324302.5526,4803596.556409,137708.348998,0.445,0.555,"[""67987395510317512691808452556846479650140447681921231570668523107587946046381"", ""85882747446059283518997350779572616984413802718247398490010754008042064685948""]"
903665,Michigan Presidential Election Winner,2024-11-04T12:00:00Z,1435930.2694,17626227.845462,605304.48627,255144,Will a Republican win Michigan Presidential Election?,406667.2449,4310533.121903,10097.087272,0.55,0.45,"[""105184348976114274990683066782141725521410345945023353024053078695238621958578"", ""15594057843994379010830396426972640810046245426525810058698162482005241757000""]"
903665,Michigan Presidential Election Winner,2024-11-04T12:00:00Z,1435930.2694,17626227.845462,605304.48627,255145,Will a candidate from another party win Michigan Presidential Election?,704855.6819,8512098.16715,457499.05,0.0015,0.9985,"[""107165618624473388028787482461617476483642008096741624485937939044069027162498"", ""94384304845737450161113541373033885171699002010572263064596462276878695032591""]"
903679,Virginia Presidential Election Winner,2024-11-05T12:00:00Z,853211.39945,12807518.349143,340481.265645,255198,Will a candidate from another party win Virginia Presidential Election?,479450.23265,9507473.765898,64628.069,0.0015,0.9985,"[""64970547082044122314358581282478773510082323677156821666082597053930008252692"", ""97804444239027577772816218652006049032177105541071669332591382552865006690590""]"
903679,Virginia Presidential Election Winner,2024-11-05T12:00:00Z,853211.39945,12807518.349143,340481.265645,255196,Will a Republican win Virginia Presidential Election?,175721.108,1914276.156709,178827.156298,0.155,0.845,"[""12492345628750728733117864804710670673000799233202537945402703429199967167327"", ""98655764136912778102383796145657646896499703812579130341823339710060217043232""]"
903679,Virginia Presidential Election Winner,2024-11-05T12:00:00Z,853211.39945,12807518.349143,340481.265645,255191,Will a Democrat win Virginia Presidential Election?,198040.0588,1385768.426536,97026.040347,0.845,0.155,"[""27523375682021765390588187766633015068126055655405967473976256668819938305564"", ""100012098696512710839019980186408856624583838884974450954169454065204180810679""]"
11910,Popular Vote Margin of Victory in Presidential Election?,2025-01-31T12:00:00Z,2587931.37064,12794496.072729,261213.452257,504680,GOP wins popular vote by 0-1%?,84327.50579,480091.966356,8409.774041,0.1075,0.8925,"[""59180925160896804791762566914266269030914631466155047027594060893496682154519"", ""29554449744460713226559362070716733301051959487470649127867803948179647934668""]"
11910,Popular Vote Margin of Victory in Presidential Election?,2025-01-31T12:00:00Z,2587931.37064,12794496.072729,261213.452257,504681,Democrats win popular vote by 0-1%?,208035.881,403769.492894,3872.492422,0.11,0.89,"[""20456626901586288818118951175029626646285698623514185172563445178186281124237"", ""39858588059570594762786803549429979946630551238874303284818242453724724124645""]"
11910,Popular Vote Margin of Victory in Presidential Election?,2025-01-31T12:00:00Z,2587931.37064,12794496.072729,261213.452257,504678,GOP wins popular vote by 2-3%?,108587.35333,741785.173337,15648.939282,0.057,0.943,"[""54747416343018138268966796464100163199110923943240209772404838622120941650306"", ""12606566587113655209583112384670891619439802921131468906666169192230492594138""]"
11910,Popular Vote Margin of Victory in Presidential Election?,2025-01-31T12:00:00Z,2587931.37064,12794496.072729,261213.452257,504679,GOP wins popular vote by 1-2%?,137699.5191,567755.226744,9381.234441,0.075,0.925,"[""89781756025923375175023998914600157347755052880794478053379930363418245740408"", ""45555616513313281614645330816215908095780254069641369866329675848302207354048""]"
11910,Popular Vote Margin of Victory in Presidential Election?,2025-01-31T12:00:00Z,2587931.37064,12794496.072729,261213.452257,504707,Neither a Democrat nor a Republican wins popular vote?,186852.12359,2908380.836707,68278.983,0.002,0.998,"[""96785400097122656191742403928095680514421833731580889721010938449199098076493"", ""35728381958189305517035471568803967223120302981232020012109068313972568666809""]"
11910,Popular Vote Margin of Victory in Presidential Election?,2025-01-31T12:00:00Z,2587931.37064,12794496.072729,261213.452257,504706,Democrats win popular vote by 7% or more?,212373.65492,506587.401212,26546.978678,0.0495,0.9505,"[""27476017135100494043195390313759938274146345760322436807254270081565114041257"", ""3755355726129968133405582615240956415226223698870492701873075464088301462630""]"
11910,Popular Vote Margin of Victory in Presidential Election?,2025-01-31T12:00:00Z,2587931.37064,12794496.072729,261213.452257,504677,GOP wins popular vote by 3-4%?,103531.12847,827071.521612,9532.275178,0.049,0.951,"[""93645430289189021677165901732863352339673773193328146554291985629040159424030"", ""51574178304932814387205691663785363582094034403925629939837663282473350674216""]"
11910,Popular Vote Margin of Victory in Presidential Election?,2025-01-31T12:00:00Z,2587931.37064,12794496.072729,261213.452257,504705,Democrats win popular vote by 6-7%?,291354.23464,447762.156513,10667.717599,0.0385,0.9615,"[""82024902597718404131003803961380578078915489088398928995760929598589413089525"", ""92137736612434851560977723203140223947183795754959128663051600632131336960468""]"
11910,Popular Vote Margin of Victory in Presidential Election?,2025-01-31T12:00:00Z,2587931.37064,12794496.072729,261213.452257,504676,GOP wins popular vote by 4-5%?,78799.3165,770500.831678,10925.428075,0.0195,0.9805,"[""12203140779891242290728020935437370986120546911063853958430847443020756373734"", ""22020943239349402707870513285832546895494704166521507409249843168817586766077""]"
11910,Popular Vote Margin of Victory in Presidential Election?,2025-01-31T12:00:00Z,2587931.37064,12794496.072729,261213.452257,504704,Democrats win popular vote by 5-6%?,239670.4678,420608.121506,2747.276665,0.055,0.945,"[""12722886472585088555576439822858098617714566511262306314338532779967138418382"", ""94376737610568308938148623170531139993990745811408881862992597279124578839872""]"
11910,Popular Vote Margin of Victory in Presidential Election?,2025-01-31T12:00:00Z,2587931.37064,12794496.072729,261213.452257,504702,Democrats win popular vote by 3-4%?,100315.8577,482135.198587,9465.392684,0.115,0.885,"[""12562403682456436357613166596471358184531128105986467262090528051964668170191"", ""110360939915903060782694318206156897886534960053015205668492589212797238361207""]"
11910,Popular Vote Margin of Victory in Presidential Election?,2025-01-31T12:00:00Z,2587931.37064,12794496.072729,261213.452257,504701,Democrats win popular vote by 2-3%?,120226.6073,395672.668426,9904.647138,0.145,0.855,"[""19337374759421497785155425275583690354137733202537043757234748082298776867304"", ""67690082778094970428689535539372929862945712330843426328980615526823711279018""]"
11910,Popular Vote Margin of Victory in Presidential Election?,2025-01-31T12:00:00Z,2587931.37064,12794496.072729,261213.452257,504700,Democrats win popular vote by 1-2%?,192089.7334,433788.658064,13256.832815,0.13,0.87,"[""41869418543774281154831539499236480971965193908823422551107520962056848443171"", ""41462455390512518096439952601087539390860493255718071392040694181339411169040""]"
11910,Popular Vote Margin of Victory in Presidential Election?,2025-01-31T12:00:00Z,2587931.37064,12794496.072729,261213.452257,504669,GOP wins popular vote by 6-7%?,116262.48063,808631.075941,8300.454634,0.0105,0.9895,"[""108963027402630769169648591922916753019512615548435085793084970833171901664109"", ""65668592291761490484725376844540355354549539215495434020259612127637505300124""]"
11910,Popular Vote Margin of Victory in Presidential Election?,2025-01-31T12:00:00Z,2587931.37064,12794496.072729,261213.452257,504666,GOP wins popular vote by 7% or more?,101701.79885,1241341.658867,27964.535301,0.0125,0.9875,"[""66607548713081251806601291927119836760338741812288253627031518165195374248251"", ""41057429278465113796595508351162283199347065181704903136226366221188335797922""]"
11910,Popular Vote Margin of Victory in Presidential Election?,2025-01-31T12:00:00Z,2587931.37064,12794496.072729,261213.452257,504670,GOP wins popular vote by 5-6%?,165899.26942,958365.116054,23840.880373,0.0085,0.9915,"[""114428609910167623794637846887336828191610859549651979006840998523468569415095"", ""61567705660830149802993141776071162720804349710909139374096087127331807616068""]"
11910,Popular Vote Margin of Victory in Presidential Election?,2025-01-31T12:00:00Z,2587931.37064,12794496.072729,261213.452257,504703,Democrats win popular vote by 4-5%?,140204.4382,400248.968231,2469.609931,0.075,0.925,"[""11425604071714462403716506671292318611360609539536817900771246384440731603032"", ""52712643965403864980277488201643186152275207968753797204685809285623210041103""]"
12815,NBA Champion,2025-06-23T12:00:00Z,2092489.87055,9482540.043209,1319903.553748,507896,Will the Washington Wizards win the 2025 NBA Finals?,58418.99883,858345.387294,37579.240166,0.0035,0.9965,"[""24107569157155697291965151336634632343913784446472286927398284356905040243642"", ""21681197057124220318103273802306437383246529014429637515490905139174082175006""]"
12815,NBA Champion,2025-06-23T12:00:00Z,2092489.87055,9482540.043209,1319903.553748,507889,Will the Philadelphia 76ers win the 2025 NBA Finals?,62679.0265,7381.601796,223.537685,0.075,0.925,"[""111603401884541037852843601179825914319329611577789780614483784666150551160587"", ""1097937006022864646385981884114265489332562754260161457968858354550443853175""]"
12815,NBA Champion,2025-06-23T12:00:00Z,2092489.87055,9482540.043209,1319903.553748,507895,Will the Utah Jazz win the 2025 NBA Finals?,62905.37866,1009665.524298,247893.358323,0.0035,0.9965,"[""76259649122453061705337281599154338919732329508586858056504569811939186829612"", ""93053730364096945099420634270857903025282374897779411302504029345560486022565""]"
12815,NBA Champion,2025-06-23T12:00:00Z,2092489.87055,9482540.043209,1319903.553748,507857,Will the Boston Celtics win the 2025 NBA Finals?,85968.6851,49041.522185,10962.113057,0.21,0.79,"[""79992368230593363181711001558007704760805608401273323477280568017676781223445"", ""61887385937280883949921248187066758560155839996557382069986283882713750906245""]"
12815,NBA Champion,2025-06-23T12:00:00Z,2092489.87055,9482540.043209,1319903.553748,507894,Will the Toronto Raptors win the 2025 NBA Finals?,65562.01863,1003044.789673,260213.797074,0.0035,0.9965,"[""8615283304849028269259042680787343769500144068672958710059180099366119214927"", ""23538341502367016460214883076280471618080465904528266058055509584419858222978""]"
12815,NBA Champion,2025-06-23T12:00:00Z,2092489.87055,9482540.043209,1319903.553748,507856,Will the Atlanta Hawks win the 2025 NBA Finals?,52545.74477,234467.695426,87528.742823,0.004,0.996,"[""1681554239082965674117694766379990086393936617559526553377609206655639590735"", ""28445280032945140307618563728226227790281486680017120017466640395985015712810""]"
12815,NBA Champion,2025-06-23T12:00:00Z,2092489.87055,9482540.043209,1319903.553748,507893,Will the San Antonio Spurs win the 2025 NBA Finals?,75192.32134,22977.379639,2701.268537,0.0085,0.9915,"[""105767875866262323621733282904570879526444130021534612984282712560181020745942"", ""8953132281103775631376834932123292264226071593766119988236252189068483081367""]"
12815,NBA Champion,2025-06-23T12:00:00Z,2092489.87055,9482540.043209,1319903.553748,507890, Will the Phoenix Suns win the 2025 NBA Finals?,68868.21153,15974.567296,8.232186,0.027,0.973,"[""93131114216924642226479408609083635243444438280498965816088184639429716639504"", ""89231256845812316944797965564919600133968042267869730949683566618230059966064""]"
12815,NBA Champion,2025-06-23T12:00:00Z,2092489.87055,9482540.043209,1319903.553748,507876,Will the Minnesota Timberwolves win the 2025 NBA Finals?,68629.5143,14235.398967,263.6869,0.07,0.93,"[""25143473975747606484038304917293813549571262015788668262095587119656373441253"", ""19003362777870267685004872433721152895613329193203945635274082779968804541681""]"
12815,NBA Champion,2025-06-23T12:00:00Z,2092489.87055,9482540.043209,1319903.553748,507892,Will the Sacramento Kings win the 2025 NBA Finals?,77906.78652,3468.593437,78.300416,0.015,0.985,"[""41257670817876317355997233596113195194194608207987371129645019730826567930842"", ""6337766885333966690546293438662675059330486971861645192801950206137287554438""]"
12815,NBA Champion,2025-06-23T12:00:00Z,2092489.87055,9482540.043209,1319903.553748,507888,Will the Orlando Magic win the 2025 NBA Finals?,73412.83037,5118.15273,16.370556,0.0125,0.9875,"[""103763229757259934585154385203172143026994251635263937767264658397198729658471"", ""68785563375075269424481143248761740566978389338061376061637854916155243992806""]"
12815,NBA Champion,2025-06-23T12:00:00Z,2092489.87055,9482540.043209,1319903.553748,507884,Will the Oklahoma City Thunder win the 2025 NBA Finals?,70254.7846,15349.880486,1180.442486,0.12,0.88,"[""83527644927648970835156950007024690327726158617181889316317174894904268227846"", ""57190891280800009123681638917785245658930686322518532172325806346323335059331""]"
12815,NBA Champion,2025-06-23T12:00:00Z,2092489.87055,9482540.043209,1319903.553748,507864,Will the Detroit Pistons win the 2025 NBA Finals?,87132.8416,2568475.214605,326024.074822,0.0045,0.9955,"[""62675184775392818687850386773179147277071939888123341174586388834390873198930"", ""113939246727107320801430727949732220814282944993763319036902311234944794436517""]"
12815,NBA Champion,2025-06-23T12:00:00Z,2092489.87055,9482540.043209,1319903.553748,507891,Will the Portland Trail Blazers win the 2025 NBA Finals?,69025.5893,982786.353627,21589.552654,0.0035,0.9965,"[""72659076268635854776984289986802263109247479351751091454397676694052042520051"", ""112106653085811654820658695719148041235998480824513371770646917012903068684890""]"
12815,NBA Champion,2025-06-23T12:00:00Z,2092489.87055,9482540.043209,1319903.553748,507883,Will the New York Knicks win the 2025 NBA Finals?,63248.7475,43515.39041,588.790599,0.105,0.895,"[""3642309182816755995211647069086230404892359515361325090555875625429003317932"", ""43682921349788459221086566001037857296489189303841048859027181915681496618059""]"
12815,NBA Champion,2025-06-23T12:00:00Z,2092489.87055,9482540.043209,1319903.553748,507882,Will the New Orleans Pelicans win the 2025 NBA Finals?,72793.03694,7005.073263,7.866061,0.0165,0.9835,"[""1010444897610772034418471565694277104222994511206440263716736487091883703050"", ""21910940590035880587231013250258689116928948331566385767588553705426139885061""]"
12815,NBA Champion,2025-06-23T12:00:00Z,2092489.87055,9482540.043209,1319903.553748,507872,Will the Memphis Grizzlies win the 2025 NBA Finals?,76495.54068,6507.637503,220.669202,0.021,0.979,"[""41676304130493500539925966313033886364859698315675509012570600782110760477716"", ""33077622847533353833390948955696157886246791472333493993237920278719985796532""]"
12815,NBA Champion,2025-06-23T12:00:00Z,2092489.87055,9482540.043209,1319903.553748,507871,Will the Los Angeles Lakers win the 2025 NBA Finals?,70419.88551,12616.236653,11.168512,0.0255,0.9745,"[""20711712249150321157795601497215041391110941115936195153840232714660517617341"", ""53542910508826636802427539444863690612653076568769873758846346226309598232218""]"
12815,NBA Champion,2025-06-23T12:00:00Z,2092489.87055,9482540.043209,1319903.553748,507873,Will the Miami Heat win the 2025 NBA Finals?,73151.4652,8882.092163,16.399686,0.0165,0.9835,"[""71756442590660491673156664734013342965864122310221063879432941094895719980340"", ""67740208634199394092030948170002994321618139597644907007671740246862363143726""]"
12815,NBA Champion,2025-06-23T12:00:00Z,2092489.87055,9482540.043209,1319903.553748,507869,Will the LA Clippers win the 2025 NBA Finals?,72778.52871,37327.863369,752.991633,0.011,0.989,"[""53324254455450563344400636027576535376151041372106632125382807757609541279524"", ""12678087307908072980874753397253368184125655719786832992819161792141877722047""]"
12815,NBA Champion,2025-06-23T12:00:00Z,2092489.87055,9482540.043209,1319903.553748,507859,Will the Charlotte Hornets win the 2025 NBA Finals?,67492.19657,84794.709141,6569.089002,0.0045,0.9955,"[""25436247939029572982277188919226292094124958162220886464449785995391293568622"", ""56462050406307387707510640903112171397949812400075668383842741498747916885864""]"
12815,NBA Champion,2025-06-23T12:00:00Z,2092489.87055,9482540.043209,1319903.553748,507858,Will the Brooklyn Nets win the 2025 NBA Finals?,65539.67586,983432.71144,220163.040899,0.0035,0.9965,"[""74808598649087154479962525915198898970439765661905419246136442620490456818907"", ""58830303959343807887737446892913412681035722894592556971388696970828692123597""]"
12815,NBA Champion,2025-06-23T12:00:00Z,2092489.87055,9482540.043209,1319903.553748,507860,Will the Chicago Bulls win the 2025 NBA Finals?,72363.27618,1336468.294908,77408.217661,0.0035,0.9965,"[""489120874728803010565862863143873625743826985683641720297428018817488289476"", ""107469137285234988232566216258385332123376674117289940635363060092119786895774""]"
12815,NBA Champion,2025-06-23T12:00:00Z,2092489.87055,9482540.043209,1319903.553748,507865,Will the Golden State Warriors win the 2025 NBA Finals?,48175.96024,27118.913509,10431.374515,0.025,0.975,"[""33801097398758857982521107708483828483991806032932444834640844512796877507536"", ""94561882123766724254513042304747568659482306960647127988205380066977026150350""]"
12815,NBA Champion,2025-06-23T12:00:00Z,2092489.87055,9482540.043209,1319903.553748,507861,Will the Cleveland Cavaliers win the 2025 NBA Finals?,88387.52293,6981.382271,10.96723,0.014,0.986,"[""49447004384417568080601950778558773848821467618732154986731215382813338416098"", ""30486715471002322060155866056982382493566991753845704766198327419490308196027""]"
12815,NBA Champion,2025-06-23T12:00:00Z,2092489.87055,9482540.043209,1319903.553748,507875,Will the Milwaukee Bucks win the 2025 NBA Finals?,67807.4838,4567.195417,56.71645,0.055,0.945,"[""99876319400622468047981436558771146129754558312458653816987397813610170628512"", ""24738021611119702958652547361024374349760338243237587287201721936943806999197""]"
12815,NBA Champion,2025-06-23T12:00:00Z,2092489.87055,9482540.043209,1319903.553748,507866,Will the Houston Rockets win the 2025 NBA Finals?,65223.16888,14832.070935,777.11761,0.007,0.993,"[""114498674664747165339015323604447864593755086767230574975645203019886592862371"", ""68723566181261549724945740794793819954031394976897417557628591067577109106213""]"
12815,NBA Champion,2025-06-23T12:00:00Z,2092489.87055,9482540.043209,1319903.553748,507868,Will the Indiana Pacers win the 2025 NBA Finals?,91821.9661,78372.272337,5243.228399,0.02,0.98,"[""5044658213116494392261893544497225363846217319105609804585534197935770239191"", ""107816283868337218117379783608318587331517916696607930361272175815275915222107""]"
12815,NBA Champion,2025-06-23T12:00:00Z,2092489.87055,9482540.043209,1319903.553748,507863,Will the Denver Nuggets win the 2025 NBA Finals?,59713.2827,17575.29483,1381.089636,0.065,0.935,"[""54931742970341376819266148374907616181683789362335343693000406620811688341687"", ""58478295977087015346215835777912032083969109801000796136608427270283697706638""]"
12815,NBA Champion,2025-06-23T12:00:00Z,2092489.87055,9482540.043209,1319903.553748,507862,Will the Dallas Mavericks win the 2025 NBA Finals?,58575.4007,22210.843601,2.108968,0.065,0.935,"[""76919074410568877435702016328004380666067967217907028267872180890387537808394"", ""57144575902571925291192114864934806484136555096921413966513668438662409844626""]"
903683,Wisconsin Presidential Election Winner,2024-11-04T12:00:00Z,702052.95917,7290990.526398,270183.567982,255207,Will a candidate from another party win Wisconsin Presidential Election?,294085.48877,3783190.202143,46932.502,0.0015,0.9985,"[""15445683044807245440643964562749794547997278062786769129998648705745735794884"", ""19471816093184171720567002785947355544067857034573966306794855872869378777905""]"
903683,Wisconsin Presidential Election Winner,2024-11-04T12:00:00Z,702052.95917,7290990.526398,270183.567982,255206,Will a Republican win Wisconsin Presidential Election?,182971.415,1580398.069986,180972.581146,0.56,0.44,"[""8506489790932625039746959405160059426243994232527626857062384302531008283468"", ""37895399735091212468277241955774995998030599087730955643490691793429355663153""]"
903683,Wisconsin Presidential Election Winner,2024-11-04T12:00:00Z,702052.95917,7290990.526398,270183.567982,255205,Will a Democrat win Wisconsin Presidential Election?,224996.0554,1927402.254269,42278.484836,0.445,0.555,"[""7374237615890526880478224649885278725219793468355446734533315746155037370158"", ""9957028331163987805873971753654507302936617692682833719706803039129302643823""]"
11639,Will Biden resign before the election?,2024-11-04T12:00:00Z,365295.90654,6985988.160277,285020.329284,503972,Will Biden resign before the election?,365295.90654,6985988.160277,285020.329284,0.0115,0.9885,"[""43551079933191766952253358507925944870771237681854028658646238104575606747339"", ""65919720948899299897541216770838357263533687986596201890163306447295039599163""]"
11887,Tim Walz replaced as Democratic VP nominee?,2024-11-04T12:00:00Z,205954.44262,5475857.036185,542792.755449,504598,Tim Walz replaced as Democratic VP nominee?,205954.44262,5475857.036185,542792.755449,0.0095,0.9905,"[""30465792993528953335367453136413378109766122086938052710240805365351441263460"", ""56932206845991275038689374793213945409437574494099902135634193615384908787018""]"
11413,Next UK leader of the Conservatives?,2024-12-31T12:00:00Z,107781.57558,3824133.792982,709767.401061,503267,Nigel Farage next Conservative party leader?,8126.36628,1372882.669006,694350.513333,0.0015,0.9985,"[""76086657382315817343527888887712911352307042089107228584578800370088543092486"", ""41981952426514183320257723832435145538701868750260849299035701689285481475955""]"
11413,Next UK leader of the Conservatives?,2024-12-31T12:00:00Z,107781.57558,3824133.792982,709767.401061,503243,Robert Jenrick next Conservative party leader?,3785.71244,50281.901268,390.681492,0.2075,0.7925,"[""95511520603978366278500648592171659209663060206884984693968386098342029957837"", ""80177604705239801035389107699398464157477320982400967436727047802857296489325""]"
11413,Next UK leader of the Conservatives?,2024-12-31T12:00:00Z,107781.57558,3824133.792982,709767.401061,503244,Jeremy Hunt next Conservative party leader?,11260.02072,272911.131897,385.154333,0.002,0.998,"[""16093635307982884825439107946592486233742828570696610508424513709651224010605"", ""12704190927387272881752174907319983793623319532968808323172430216747920680321""]"
11413,Next UK leader of the Conservatives?,2024-12-31T12:00:00Z,107781.57558,3824133.792982,709767.401061,503245,Priti Patel next Conservative party leader?,11263.84215,226384.108233,629.715333,0.002,0.998,"[""14514563283313268609777038266958580949442265117480349551235954095239984827833"", ""17119842287987402453307506221561607821679190075928831408599097763345739989975""]"
11413,Next UK leader of the Conservatives?,2024-12-31T12:00:00Z,107781.57558,3824133.792982,709767.401061,503246,Tom Tugendhat next Conservative party leader?,15450.55723,112626.691087,703.132,0.0035,0.9965,"[""14106118400819779716864393135639803454762023210298936930717874702506020621482"", ""92000978998452718364801736016483654823735454460220580709037999832218311642266""]"
11413,Next UK leader of the Conservatives?,2024-12-31T12:00:00Z,107781.57558,3824133.792982,709767.401061,503247,David Cameron next Conservative party leader?,9241.04357,86229.163543,10315.916166,0.0025,0.9975,"[""88001538497798457273725132949445934181789307611373202602175362805214151014665"", ""10135112089476240266448223557383358988584343672829606844173514997986165055956""]"
11413,Next UK leader of the Conservatives?,2024-12-31T12:00:00Z,107781.57558,3824133.792982,709767.401061,503241,Suella Braverman next Conservative party leader?,16708.70674,1535766.820208,1466.698333,0.002,0.998,"[""62854698886129118169911867383053460974984980769280063978440383888742971697088"", ""28281642569264694311260694159153208105474011366188883356177915212629070228264""]"
11413,Next UK leader of the Conservatives?,2024-12-31T12:00:00Z,107781.57558,3824133.792982,709767.401061,503234,Kemi Badenoch next Conservative party leader?,4622.3454,43487.447314,948.330072,0.8,0.2,"[""15014469467794797274475495548889155178884367608270087636710446352651507934742"", ""48271138441913836506338803861304735738912527226988870523523288631337592806183""]"
11413,Next UK leader of the Conservatives?,2024-12-31T12:00:00Z,107781.57558,3824133.792982,709767.401061,504197,Will someone else be the next Conservative party leader?,14275.59991,36098.193917,308.776333,0.002,0.998,"[""86959110051834452903683272782960829047921978306964853414188882934636902384938"", ""52352049021304859657326099986998597894161960524845708993346868282351197762651""]"
11413,Next UK leader of the Conservatives?,2024-12-31T12:00:00Z,107781.57558,3824133.792982,709767.401061,503242,James Cleverly next Conservative party leader?,13227.38114,87465.666509,268.483666,0.004,0.996,"[""83127030203556673981464328013412563276523921589229495993353298647147276784881"", ""18088668812787664139886157582993900128316517769392476446711920593648366168462""]"
903669,Missouri Presidential Election Winner,2024-11-05T12:00:00Z,318193.11381,1448809.065024,1040699.605835,255157,Will a Democrat win Missouri Presidential Election?,125627.96172,90823.324069,8.006,0.006,0.994,"[""44838157404976619123429287997308360643936862040748095697293284113477019609417"", ""33800365545819449595567082750537714910337509144644384454171903906829894621251""]"
903669,Missouri Presidential Election Winner,2024-11-05T12:00:00Z,318193.11381,1448809.065024,1040699.605835,255159,Will a candidate from another party win Missouri Presidential Election?,86306.66372,1131916.523718,1033572.252,0.0015,0.9985,"[""104707752019771192548881778384079780605323050131610148871769253656658581603154"", ""67616224265482587401298638387220964118880678333672719096691596603677474707745""]"
903669,Missouri Presidential Election Winner,2024-11-05T12:00:00Z,318193.11381,1448809.065024,1040699.605835,255158,Will a Republican win Missouri Presidential Election?,106259.14337,226069.217237,7119.347835,0.9935,0.0065,"[""92407503362963884607501586680045697121881598427857254224936374231471975344768"", ""104566826441717350457924836642102202889597031732903221617564828137908977293363""]"
